{"cameraMode":{"drawMode":0,"name":"Shaded","section":"Shading Mode"},"sceneLighting":true,"audioPlay":false,"sceneViewState":{"m_AlwaysRefresh":false,"showFog":true,"showSkybox":true,"showFlares":true,"showImageEffects":true,"showParticleSystems":true,"showVisualEffectGraphs":true,"m_FxEnabled":true},"in2DMode":false,"pivot":{"x":-0.7947084903717041,"y":9.531625747680664,"z":-8.340828895568848},"rotation":{"x":-0.2633548378944397,"y":0.07428570091724396,"z":-0.020344773307442666,"w":-0.9616268277168274},"size":0.8660253882408142,"orthographic":false}